invitation_code_text,invitation_count,invitation_code_name,,,,
Cznulz,1,Cznulz,,,,
hPuEA0,1,hPuEA0,,,,
LjXkq7,1,LjXkq7,,,,
5nQaAH,1,5nQaAH,,,,
HdbHPa,1,HdbHPa,,,,
lhH0iA,1,lhH0iA,,,,
MlB49o,1,MlB49o,,,,
3lZ24N,1,3lZ24N,,,,
CtUEkD,1,CtUEkD,,,,
MOWI0l,1,MOWI0l,,,,
d8mxfR,1,d8mxfR,,,,
2LKmXC,1,2LKmXC,,,,
hj47cT,1,hj47cT,,,,
GfoalV,1,GfoalV,,,,
Xwl7qX,1,Xwl7qX,,,,
l9umFv,1,l9umFv,,,,
8pKdTW,1,8pKdTW,,,,
ID4KzP,1,ID4KzP,,,,
b6Dxoo,1,b6Dxoo,,,,
XvAzuQ,1,XvAzuQ,,,,
DGGAg4,1,DGGAg4,,,,
RVXZkM,1,RVXZkM,,,,
TMskRB,1,TMskRB,,,,
2sVYAC,1,2sVYAC,,,,
mQ8M7l,1,mQ8M7l,,,,
CN6Kwc,1,CN6Kwc,,,,
2NvQ83,1,2NvQ83,,,,
jomBlH,1,jomBlH,,,,
4SUyX9,1,4SUyX9,,,,
OJlfHy,1,OJlfHy,,,,
zQna1F,1,zQna1F,,,,
4KtAaV,1,4KtAaV,,,,
eDsHH6,1,eDsHH6,,,,
xeDfPA,1,xeDfPA,,,,
O0z7ho,1,O0z7ho,,,,
0EsU6s,1,0EsU6s,,,,
pLUUWd,1,pLUUWd,,,,
zikFAe,1,zikFAe,,,,
nIjYRx,1,nIjYRx,,,,
aIgVov,1,aIgVov,,,,
FWJIjp,1,FWJIjp,,,,
J8Zf4e,1,J8Zf4e,,,,
SyBTiJ,1,SyBTiJ,,,,
haM4Jo,1,haM4Jo,,,,
XX1C8d,1,XX1C8d,,,,
CdRvX6,1,CdRvX6,,,,
CXCVMx,1,CXCVMx,,,,
lkVcra,1,lkVcra,,,,
E4QzYY,1,E4QzYY,,,,
NN0n5s,1,NN0n5s,,,,
wD6WjQ,1,wD6WjQ,,,,
tjsiqR,1,tjsiqR,,,,
MHjojj,1,MHjojj,,,,
VcDuk2,1,VcDuk2,,,,
TmZoOl,1,TmZoOl,,,,
j5MHHx,1,j5MHHx,,,,
AY01do,1,AY01do,,,,
muIPOw,1,muIPOw,,,,
cMkkCe,1,cMkkCe,,,,
9TRJvt,1,9TRJvt,,,,
N6fjzn,1,N6fjzn,,,,
SCVNzO,1,SCVNzO,,,,
UQVhav,1,UQVhav,,,,
x7Zf1C,1,x7Zf1C,,,,
oTzFkK,1,oTzFkK,,,,
nD64Xr,1,nD64Xr,,,,
GZzmpX,1,GZzmpX,,,,
XfBaSb,1,XfBaSb,,,,
uSzeHL,1,uSzeHL,,,,
9Zdxfn,1,9Zdxfn,,,,
RijLTQ,1,RijLTQ,,,,
HIpnbM,1,HIpnbM,,,,
pAzvKF,1,pAzvKF,,,,
Ptc8XA,1,Ptc8XA,,,,
7OXFnG,1,7OXFnG,,,,
f0pYW1,1,f0pYW1,,,,
XW0TtP,1,XW0TtP,,,,
mjNmxM,1,mjNmxM,,,,
96vXbZ,1,96vXbZ,,,,
8r1V2D,1,8r1V2D,,,,
7gO7hY,1,7gO7hY,,,,
BP0HWm,1,BP0HWm,,,,
rEA0Yj,1,rEA0Yj,,,,
ZW369c,1,ZW369c,,,,
KoQq7P,1,KoQq7P,,,,
Z3dYU1,1,Z3dYU1,,,,
jNzlaL,1,jNzlaL,,,,
iYBXt3,1,iYBXt3,,,,
U1UmO2,1,U1UmO2,,,,
UupXTk,1,UupXTk,,,,
FKnNzn,1,FKnNzn,,,,
7s8YWi,1,7s8YWi,,,,
rFmPIQ,1,rFmPIQ,,,,
o9FTVN,1,o9FTVN,,,,
J9xuGH,1,J9xuGH,,,,
IkRkw2,1,IkRkw2,,,,
jcHdGw,1,jcHdGw,,,,
H5Cr1x,1,H5Cr1x,,,,
dSmwYR,1,dSmwYR,,,,
IDCdkk,1,IDCdkk,,,,
wn0FaA,1,wn0FaA,,,,
5m58P9,1,5m58P9,,,,
U53aFP,1,U53aFP,,,,
rplmWK,1,rplmWK,,,,
Wu8AK7,1,Wu8AK7,,,,
3t4EaQ,1,3t4EaQ,,,,
1PnIrF,1,1PnIrF,,,,
2HVm97,1,2HVm97,,,,
8dsDXE,1,8dsDXE,,,,
qcI5Ek,1,qcI5Ek,,,,
eY4Wee,1,eY4Wee,,,,
09CMNT,1,09CMNT,,,,
VeVTOO,1,VeVTOO,,,,
zvFfwS,1,zvFfwS,,,,
CsCG35,1,CsCG35,,,,
AZ9Pay,1,AZ9Pay,,,,
KflXzb,1,KflXzb,,,,
FlROca,1,FlROca,,,,
gbIFBt,1,gbIFBt,,,,
figcca,1,figcca,,,,
WZc9Q6,1,WZc9Q6,,,,
2JBHCB,1,2JBHCB,,,,
H2HQPT,1,H2HQPT,,,,
AmdwE8,1,AmdwE8,,,,
q1pFNt,1,q1pFNt,,,,
QAGeXr,1,QAGeXr,,,,
UW8PnL,1,UW8PnL,,,,
5i1hkA,1,5i1hkA,,,,
TT29pu,1,TT29pu,,,,
Ax5Wvh,1,Ax5Wvh,,,,
NqcVc0,1,NqcVc0,,,,
Ntf8ev,1,Ntf8ev,,,,
Zm4xyq,1,Zm4xyq,,,,
hxpZ5K,1,hxpZ5K,,,,
DctwEn,1,DctwEn,,,,
Gl6GrK,1,Gl6GrK,,,,
Xz7aPs,1,Xz7aPs,,,,
lJOxei,1,lJOxei,,,,
upuGSR,1,upuGSR,,,,
Bvi5DL,1,Bvi5DL,,,,
ZCCh7j,1,ZCCh7j,,,,
vRQeWW,1,vRQeWW,,,,
g8tGhC,1,g8tGhC,,,,
OUAin1,1,OUAin1,,,,
b1G8Hu,1,b1G8Hu,,,,
eysKRx,1,eysKRx,,,,
LhPHqr,1,LhPHqr,,,,
ocsYY4,1,ocsYY4,,,,
N8geZu,1,N8geZu,,,,
s5rEoP,1,s5rEoP,,,,
i6NRDJ,1,i6NRDJ,,,,
9ArAYB,1,9ArAYB,,,,
AiR3Mk,1,AiR3Mk,,,,
ISrH2G,1,ISrH2G,,,,
W2s0ai,1,W2s0ai,,,,
HIwsIL,1,HIwsIL,,,,
R0awPI,1,R0awPI,,,,
I5C3rZ,1,I5C3rZ,,,,
PTH6LW,1,PTH6LW,,,,
mzqs48,1,mzqs48,,,,
S0t8kz,1,S0t8kz,,,,
QDpEfb,1,QDpEfb,,,,
OQtyYx,1,OQtyYx,,,,
H3DjAr,1,H3DjAr,,,,
TlfG9G,1,TlfG9G,,,,
YQCjqi,1,YQCjqi,,,,
htuQtI,1,htuQtI,,,,
n4aGmg,1,n4aGmg,,,,
EbyPqQ,1,EbyPqQ,,,,
rdFEN8,1,rdFEN8,,,,
TEDo02,1,TEDo02,,,,
JiV3w3,1,JiV3w3,,,,
brjP01,1,brjP01,,,,
r5skZw,1,r5skZw,,,,
OHwBQn,1,OHwBQn,,,,
82Cwjf,1,82Cwjf,,,,
Qrj5jQ,1,Qrj5jQ,,,,
O3cejW,1,O3cejW,,,,
ylTSe9,1,ylTSe9,,,,
kyVjHA,1,kyVjHA,,,,
Pz17hh,1,Pz17hh,,,,
7g3Gr7,1,7g3Gr7,,,,
6QHrOn,1,6QHrOn,,,,
aI8nYX,1,aI8nYX,,,,
ESGt9a,1,ESGt9a,,,,
LBcOhZ,1,LBcOhZ,,,,
RAoUCt,1,RAoUCt,,,,
1lvDKh,1,1lvDKh,,,,
9cyLCD,1,9cyLCD,,,,
9GSv6R,1,9GSv6R,,,,
qGou4E,1,qGou4E,,,,
iugQbN,1,iugQbN,,,,
cGLZr4,1,cGLZr4,,,,
1DJgZe,1,1DJgZe,,,,
U8PfmY,1,U8PfmY,,,,
Y7OGg1,1,Y7OGg1,,,,
iQgnl4,1,iQgnl4,,,,
KRzlz6,1,KRzlz6,,,,
MHhvqS,1,MHhvqS,,,,
GQrFVz,1,GQrFVz,,,,
mfknnY,1,mfknnY,,,,
QwWsM7,1,QwWsM7,,,,
bQAr1k,1,bQAr1k,,,,
ztUwV8,1,ztUwV8,,,,
mKTcyQ,1,mKTcyQ,,,,
i16V2i,1,i16V2i,,,,
wFPdEx,1,wFPdEx,,,,
NKC1vg,1,NKC1vg,,,,
3RneVj,1,3RneVj,,,,
mPAa2k,1,mPAa2k,,,,
VewqjM,1,VewqjM,,,,
7EreQy,1,7EreQy,,,,
8Zncw9,1,8Zncw9,,,,
ZsgbK1,1,ZsgbK1,,,,
IKFFwz,1,IKFFwz,,,,
XhgSNs,1,XhgSNs,,,,
goaLA6,1,goaLA6,,,,
62dwde,1,62dwde,,,,
Dx13lO,1,Dx13lO,,,,
7uA7a6,1,7uA7a6,,,,
ZG5mnz,1,ZG5mnz,,,,
WuFlX7,1,WuFlX7,,,,
q0L6Bt,1,q0L6Bt,,,,
TwC1qR,1,TwC1qR,,,,
1gnK7o,1,1gnK7o,,,,
jz50Pc,1,jz50Pc,,,,
8hP91v,1,8hP91v,,,,
aBokRJ,1,aBokRJ,,,,
RebXix,1,RebXix,,,,
4c9V64,1,4c9V64,,,,
PVI0xV,1,PVI0xV,,,,
idOZ4G,1,idOZ4G,,,,
xrkP1q,1,xrkP1q,,,,
sbJXUK,1,sbJXUK,,,,
D1BX8x,1,D1BX8x,,,,
tis2AS,1,tis2AS,,,,
qtSbPA,1,qtSbPA,,,,
ATAM9a,1,ATAM9a,,,,
QO3Zbf,1,QO3Zbf,,,,
xM5bcV,1,xM5bcV,,,,
DVFWDH,1,DVFWDH,,,,
dKcXtO,1,dKcXtO,,,,
WEGrOA,1,WEGrOA,,,,
SDD6Nb,1,SDD6Nb,,,,
52mHTh,1,52mHTh,,,,
ZAHpTm,1,ZAHpTm,,,,
ai815E,1,ai815E,,,,
gwk5Vo,1,gwk5Vo,,,,
hWk8tf,1,hWk8tf,,,,
T9zYbn,1,T9zYbn,,,,
900WLj,1,900WLj,,,,
Utvl2p,1,Utvl2p,,,,
7sevdz,1,7sevdz,,,,
1QxULA,1,1QxULA,,,,
4BMyMX,1,4BMyMX,,,,
07PNxU,1,07PNxU,,,,
NZVCpF,1,NZVCpF,,,,
sMA5w8,1,sMA5w8,,,,
G97c9v,1,G97c9v,,,,
BDW8Gz,1,BDW8Gz,,,,
dQZkM4,1,dQZkM4,,,,
utoXcn,1,utoXcn,,,,
Gb3tz3,1,Gb3tz3,,,,
2zkJpc,1,2zkJpc,,,,
gg2lxi,1,gg2lxi,,,,
24FpHA,1,24FpHA,,,,
IIfUyB,1,IIfUyB,,,,
RZL7so,1,RZL7so,,,,
3LEOhb,1,3LEOhb,,,,
sDbl4s,1,sDbl4s,,,,
9n5tdK,1,9n5tdK,,,,
b9fyu1,1,b9fyu1,,,,
Nc5a87,1,Nc5a87,,,,
UIIxxN,1,UIIxxN,,,,
vQYK0m,1,vQYK0m,,,,
555oJ7,1,555oJ7,,,,
92Bxyx,1,92Bxyx,,,,
b49cHZ,1,b49cHZ,,,,
VgQ4RZ,1,VgQ4RZ,,,,
9ys3Qb,1,9ys3Qb,,,,
SBz5XX,1,SBz5XX,,,,
z4nzbc,1,z4nzbc,,,,
RqKGFV,1,RqKGFV,,,,
NUWULJ,1,NUWULJ,,,,
EtPqbb,1,EtPqbb,,,,
hH77In,1,hH77In,,,,
J7dYFk,1,J7dYFk,,,,
RvvtNk,1,RvvtNk,,,,
mharXS,1,mharXS,,,,
mderiX,1,mderiX,,,,
kdBclu,1,kdBclu,,,,
aq6UYE,1,aq6UYE,,,,
Y0m601,1,Y0m601,,,,
EeaAFj,1,EeaAFj,,,,
VV5XDb,1,VV5XDb,,,,
rgmewu,1,rgmewu,,,,
cLKkpF,1,cLKkpF,,,,
ZurMD3,1,ZurMD3,,,,
xB9u82,1,xB9u82,,,,
05JCQd,1,05JCQd,,,,
Jn71Ya,1,Jn71Ya,,,,
B55pQF,1,B55pQF,,,,
hj4dC8,1,hj4dC8,,,,
mmzmRs,1,mmzmRs,,,,
dybS7e,1,dybS7e,,,,
ppUBUh,1,ppUBUh,,,,
61xM67,1,61xM67,,,,
mv35i4,1,mv35i4,,,,
w2Hm6m,1,w2Hm6m,,,,
yJQUHK,1,yJQUHK,,,,
AeuOQB,1,AeuOQB,,,,
KcSOFl,1,KcSOFl,,,,
2FRXzr,1,2FRXzr,,,,
kSAEoj,1,kSAEoj,,,,
kir6DW,1,kir6DW,,,,
j333qv,1,j333qv,,,,
HRMwrR,1,HRMwrR,,,,
CZaUvp,1,CZaUvp,,,,
J88AuL,1,J88AuL,,,,
WSa1K4,1,WSa1K4,,,,
jH43GB,1,jH43GB,,,,
MmbnNL,1,MmbnNL,,,,
W2UCYE,1,W2UCYE,,,,
3UyOOY,1,3UyOOY,,,,
TzOXpK,1,TzOXpK,,,,
HWR0Bt,1,HWR0Bt,,,,
P80afv,1,P80afv,,,,
dwdV91,1,dwdV91,,,,
qfNCQd,1,qfNCQd,,,,
QvTocw,1,QvTocw,,,,
m5JQYP,1,m5JQYP,,,,
xvX2kn,1,xvX2kn,,,,
IZFv32,1,IZFv32,,,,
4m7xbE,1,4m7xbE,,,,
9JbSyJ,1,9JbSyJ,,,,
bIvkjX,1,bIvkjX,,,,
V6SZDo,1,V6SZDo,,,,
Z9WHpc,1,Z9WHpc,,,,
xJ9C6W,1,xJ9C6W,,,,
sV7D5f,1,sV7D5f,,,,
rKwf8o,1,rKwf8o,,,,
7xbdEl,1,7xbdEl,,,,
kuX6CS,1,kuX6CS,,,,
xJzA8g,1,xJzA8g,,,,
4ojPgO,1,4ojPgO,,,,
KxR9qw,1,KxR9qw,,,,
iwcXE7,1,iwcXE7,,,,
2jLmdq,1,2jLmdq,,,,
SOT5h5,1,SOT5h5,,,,
xD6iJP,1,xD6iJP,,,,
rsqxV5,1,rsqxV5,,,,
vy3Kjr,1,vy3Kjr,,,,
FRCG14,1,FRCG14,,,,
qxOoBH,1,qxOoBH,,,,
sNCj7Y,1,sNCj7Y,,,,
ytkucD,1,ytkucD,,,,
nGRjrQ,1,nGRjrQ,,,,
oWu1jZ,1,oWu1jZ,,,,
WlACmK,1,WlACmK,,,,
rQ9A3j,1,rQ9A3j,,,,
Z9oAgk,1,Z9oAgk,,,,
4cRlLy,1,4cRlLy,,,,
BdwFff,1,BdwFff,,,,
xM0Fa6,1,xM0Fa6,,,,
lDa7IT,1,lDa7IT,,,,
GBTglp,1,GBTglp,,,,
aCjNnD,1,aCjNnD,,,,
eXwBvC,1,eXwBvC,,,,
SwMK8L,1,SwMK8L,,,,
iUrLbm,1,iUrLbm,,,,
HRRpOm,1,HRRpOm,,,,
89ngR9,1,89ngR9,,,,
YkFIM2,1,YkFIM2,,,,
oDcN05,1,oDcN05,,,,
8SkVwP,1,8SkVwP,,,,
1BnAd8,1,1BnAd8,,,,
l9jU1K,1,l9jU1K,,,,
erbphJ,1,erbphJ,,,,
iUBFcc,1,iUBFcc,,,,
l7DfHt,1,l7DfHt,,,,
dNdBKO,1,dNdBKO,,,,
GK6Iff,1,GK6Iff,,,,
HSXamv,1,HSXamv,,,,
DP7S5J,1,DP7S5J,,,,
MJ6fuL,1,MJ6fuL,,,,
f7iQkR,1,f7iQkR,,,,
OIUKo7,1,OIUKo7,,,,
ndippJ,1,ndippJ,,,,
xtkdS8,1,xtkdS8,,,,
prL2Ib,1,prL2Ib,,,,
WI73bE,1,WI73bE,,,,
i8PpWO,1,i8PpWO,,,,
NQh7jW,1,NQh7jW,,,,
OXUW6s,1,OXUW6s,,,,
vK1m3k,1,vK1m3k,,,,
NKIrrw,1,NKIrrw,,,,
4hVZFv,1,4hVZFv,,,,
RDnp4j,1,RDnp4j,,,,
MaD1Uz,1,MaD1Uz,,,,
Ic1xrY,1,Ic1xrY,,,,
ExSyWW,1,ExSyWW,,,,
GxI00S,1,GxI00S,,,,
YdEroO,1,YdEroO,,,,
VOMsAl,1,VOMsAl,,,,
AaOKgd,1,AaOKgd,,,,
Ocrlws,1,Ocrlws,,,,
0gxXV7,1,0gxXV7,,,,
xeqnAK,1,xeqnAK,,,,
DYxjPu,1,DYxjPu,,,,
C5NnVJ,1,C5NnVJ,,,,
RpeyB0,1,RpeyB0,,,,
Ok1kBy,1,Ok1kBy,,,,
yMdNmS,1,yMdNmS,,,,
ZclAX6,1,ZclAX6,,,,
82aeTW,1,82aeTW,,,,
qXk9oE,1,qXk9oE,,,,
qeniRx,1,qeniRx,,,,
Yhfpll,1,Yhfpll,,,,
pZMtD5,1,pZMtD5,,,,
2PUFkF,1,2PUFkF,,,,
O5HRZP,1,O5HRZP,,,,
puP1Se,1,puP1Se,,,,
M3XPeb,1,M3XPeb,,,,
tzwevd,1,tzwevd,,,,
ZY9DvZ,1,ZY9DvZ,,,,
n1oN1O,1,n1oN1O,,,,
uiQmeL,1,uiQmeL,,,,
R58eGB,1,R58eGB,,,,
HEkrSN,1,HEkrSN,,,,
iZHDjo,1,iZHDjo,,,,
sjFXlP,1,sjFXlP,,,,
ymAsOg,1,ymAsOg,,,,
AlYsPc,1,AlYsPc,,,,
QekxpS,1,QekxpS,,,,
fDFlnA,1,fDFlnA,,,,
WWi1Dw,1,WWi1Dw,,,,
Ohs8pN,1,Ohs8pN,,,,
aKnpLI,1,aKnpLI,,,,
vmqekv,1,vmqekv,,,,
cLAg38,1,cLAg38,,,,
o7LHDY,1,o7LHDY,,,,
pRWfiY,1,pRWfiY,,,,
xUXu2v,1,xUXu2v,,,,
VTHbhN,1,VTHbhN,,,,
ed0gC3,1,ed0gC3,,,,
l2HYJj,1,l2HYJj,,,,
JCPIdL,1,JCPIdL,,,,
Lan4l8,1,Lan4l8,,,,
N4ojcf,1,N4ojcf,,,,
TAvWN1,1,TAvWN1,,,,
91RcI3,1,91RcI3,,,,
FyVdMC,1,FyVdMC,,,,
ZTICpQ,1,ZTICpQ,,,,
hvwYJ0,1,hvwYJ0,,,,
10dbFY,1,10dbFY,,,,
xQClYr,1,xQClYr,,,,
f4RlkT,1,f4RlkT,,,,
gkviFx,1,gkviFx,,,,
53kRDT,1,53kRDT,,,,
egKuMq,1,egKuMq,,,,
9qSnwk,1,9qSnwk,,,,
EAPo6O,1,EAPo6O,,,,
223yKd,1,223yKd,,,,
tuisIY,1,tuisIY,,,,
rC4SnI,1,rC4SnI,,,,
wOlunP,1,wOlunP,,,,
yMZBXG,1,yMZBXG,,,,
Ga7kkX,1,Ga7kkX,,,,
UEfHIg,1,UEfHIg,,,,
JktlYu,1,JktlYu,,,,
EE7QKc,1,EE7QKc,,,,
lqley8,1,lqley8,,,,
WmjpQS,1,WmjpQS,,,,
UPoQU3,1,UPoQU3,,,,
IIgFKd,1,IIgFKd,,,,
m5Aom6,1,m5Aom6,,,,
4cknvK,1,4cknvK,,,,
WRMNhP,1,WRMNhP,,,,
S8cAqe,1,S8cAqe,,,,
TdSmLs,1,TdSmLs,,,,
i73EIu,1,i73EIu,,,,
KG107W,1,KG107W,,,,
TO3JTv,1,TO3JTv,,,,
3tP5XT,1,3tP5XT,,,,
8Ik99f,1,8Ik99f,,,,
CDp4ed,1,CDp4ed,,,,
mc2pFo,1,mc2pFo,,,,
Ma2Ate,1,Ma2Ate,,,,
848rQe,1,848rQe,,,,
ViD4NR,1,ViD4NR,,,,
VkPQEq,1,VkPQEq,,,,
KuaZIv,1,KuaZIv,,,,
zKrKDW,1,zKrKDW,,,,
bb2P8L,1,bb2P8L,,,,
kDMd9E,1,kDMd9E,,,,
baQtXM,1,baQtXM,,,,
uH2ohI,1,uH2ohI,,,,
4C2SrY,1,4C2SrY,,,,
ppSUX5,1,ppSUX5,,,,
vx7Qve,1,vx7Qve,,,,
d4gwtZ,1,d4gwtZ,,,,
AX78ha,1,AX78ha,,,,
Cen5q3,1,Cen5q3,,,,
ZVi7He,1,ZVi7He,,,,
FOFJOP,1,FOFJOP,,,,
ODOGNS,1,ODOGNS,,,,
vMXTYB,1,vMXTYB,,,,
dYHHwW,1,dYHHwW,,,,
3lsdr3,1,3lsdr3,,,,
tvjfVh,1,tvjfVh,,,,
oVtTwc,1,oVtTwc,,,,
cnqhq1,1,cnqhq1,,,,
WiYT9p,1,WiYT9p,,,,
nehKcb,1,nehKcb,,,,
RCLoQC,1,RCLoQC,,,,
DCrxRT,1,DCrxRT,,,,
1F3bID,1,1F3bID,,,,
zmgREU,1,zmgREU,,,,
7D6I7W,1,7D6I7W,,,,
plFnQd,1,plFnQd,,,,
z5XTpc,1,z5XTpc,,,,
dgVZt7,1,dgVZt7,,,,
KMbzQm,1,KMbzQm,,,,
RbNXAE,1,RbNXAE,,,,
KYZpfi,1,KYZpfi,,,,
Ih7bQY,1,Ih7bQY,,,,
mYQtZZ,1,mYQtZZ,,,,
HoKmrR,1,HoKmrR,,,,
kLPFYQ,1,kLPFYQ,,,,
uiH3mT,1,uiH3mT,,,,
DpAfzS,1,DpAfzS,,,,
gSigNQ,1,gSigNQ,,,,
aDF8F2,1,aDF8F2,,,,
bbVnc2,1,bbVnc2,,,,
CsxTWW,1,CsxTWW,,,,
4hoGd5,1,4hoGd5,,,,
oGJNC2,1,oGJNC2,,,,
lGxv0h,1,lGxv0h,,,,
L4EbDo,1,L4EbDo,,,,
0UD9rR,1,0UD9rR,,,,
wY5E49,1,wY5E49,,,,
Eh35Hu,1,Eh35Hu,,,,
yeSNtz,1,yeSNtz,,,,
bxMvyl,1,bxMvyl,,,,
omItJq,1,omItJq,,,,
EtroqZ,1,EtroqZ,,,,
AsF7Ly,1,AsF7Ly,,,,
w7yIJX,1,w7yIJX,,,,
VnIp7l,1,VnIp7l,,,,
E7WGrw,1,E7WGrw,,,,
748IYp,1,748IYp,,,,
g9IcXv,1,g9IcXv,,,,
1ru58K,1,1ru58K,,,,
bP6jJf,1,bP6jJf,,,,
YPZOLp,1,YPZOLp,,,,
cTDuU0,1,cTDuU0,,,,
9mqKZm,1,9mqKZm,,,,
RpEaa6,1,RpEaa6,,,,
KOFQzb,1,KOFQzb,,,,
QgHZex,1,QgHZex,,,,
XuSWX8,1,XuSWX8,,,,
SMtXD2,1,SMtXD2,,,,
Mj8Zck,1,Mj8Zck,,,,
ksuQuB,1,ksuQuB,,,,
GIFFUz,1,GIFFUz,,,,
mgLRSi,1,mgLRSi,,,,
KEq4aZ,1,KEq4aZ,,,,
EYEHie,1,EYEHie,,,,
cZlQVD,1,cZlQVD,,,,
8s3P9a,1,8s3P9a,,,,
svJKMM,1,svJKMM,,,,
LICZFJ,1,LICZFJ,,,,
dtpvWx,1,dtpvWx,,,,
1AiNGj,1,1AiNGj,,,,
7Syt4u,1,7Syt4u,,,,
Rme3Zo,1,Rme3Zo,,,,
hz1xRp,1,hz1xRp,,,,
9OIuoN,1,9OIuoN,,,,
44cfHO,1,44cfHO,,,,
VYH711,1,VYH711,,,,
BCCTen,1,BCCTen,,,,
U61Z31,1,U61Z31,,,,
vanMyy,1,vanMyy,,,,
AVcFCS,1,AVcFCS,,,,
2dB6Ec,1,2dB6Ec,,,,
qXuRol,1,qXuRol,,,,
sN0J9d,1,sN0J9d,,,,
DSJXkY,1,DSJXkY,,,,
Wx0RgW,1,Wx0RgW,,,,
M2nBu8,1,M2nBu8,,,,
mmsdtE,1,mmsdtE,,,,
yV1Byq,1,yV1Byq,,,,
ei3USp,1,ei3USp,,,,
v2G1IX,1,v2G1IX,,,,
89VkTA,1,89VkTA,,,,
WvJKuu,1,WvJKuu,,,,
9VQgDk,1,9VQgDk,,,,
e6tqJS,1,e6tqJS,,,,
lKtSXV,1,lKtSXV,,,,
zAr2BX,1,zAr2BX,,,,
JkdzDj,1,JkdzDj,,,,
QbGjcR,1,QbGjcR,,,,
l2NSsl,1,l2NSsl,,,,
Vu5jDv,1,Vu5jDv,,,,
j1NOAO,1,j1NOAO,,,,
SSN1Ux,1,SSN1Ux,,,,
t6JWlZ,1,t6JWlZ,,,,
XaHA0a,1,XaHA0a,,,,
6GHrEs,1,6GHrEs,,,,
dkOBDH,1,dkOBDH,,,,
aMRLEm,1,aMRLEm,,,,
lODpko,1,lODpko,,,,
hrWGcO,1,hrWGcO,,,,
HmPQ7v,1,HmPQ7v,,,,
jAEQel,1,jAEQel,,,,
pnXdPt,1,pnXdPt,,,,
9EEybK,1,9EEybK,,,,
XKxHRl,1,XKxHRl,,,,
j8QtbN,1,j8QtbN,,,,
9G8ouG,1,9G8ouG,,,,
qxfp3n,1,qxfp3n,,,,
UCjrWz,1,UCjrWz,,,,
MsyRk7,1,MsyRk7,,,,
MynEFx,1,MynEFx,,,,
NKN6TH,1,NKN6TH,,,,
FL5EOx,1,FL5EOx,,,,
E844Gp,1,E844Gp,,,,
1k0MBo,1,1k0MBo,,,,
7Rsz7g,1,7Rsz7g,,,,
foIgiB,1,foIgiB,,,,
FfRupO,1,FfRupO,,,,
gbsLOh,1,gbsLOh,,,,
BBdIff,1,BBdIff,,,,
EpgHX1,1,EpgHX1,,,,
I3wLU8,1,I3wLU8,,,,
dWFlGE,1,dWFlGE,,,,
K8SQOk,1,K8SQOk,,,,
a6XLc2,1,a6XLc2,,,,
7SkuKU,1,7SkuKU,,,,
meF6nS,1,meF6nS,,,,
rjtceY,1,rjtceY,,,,
YuVDIi,1,YuVDIi,,,,
225fK9,1,225fK9,,,,
Qn6Oow,1,Qn6Oow,,,,
hY6q27,1,hY6q27,,,,
P4n59c,1,P4n59c,,,,
83askd,1,83askd,,,,
C0mz73,1,C0mz73,,,,
7zRBF2,1,7zRBF2,,,,
PrtXC4,1,PrtXC4,,,,
NKX04J,1,NKX04J,,,,
vwCKHV,1,vwCKHV,,,,
LtY87M,1,LtY87M,,,,
IDRKHP,1,IDRKHP,,,,
g5OdVj,1,g5OdVj,,,,
HeyY0J,1,HeyY0J,,,,
H7xP9Y,1,H7xP9Y,,,,
y9dhIH,1,y9dhIH,,,,
cYda2B,1,cYda2B,,,,
cEtHOo,1,cEtHOo,,,,
lkV5LR,1,lkV5LR,,,,
qtV4K4,1,qtV4K4,,,,
1WffvS,1,1WffvS,,,,
tzAzFG,1,tzAzFG,,,,
mku3Kc,1,mku3Kc,,,,
eikmY1,1,eikmY1,,,,
c1nr3D,1,c1nr3D,,,,
guzC8V,1,guzC8V,,,,
XQ0c92,1,XQ0c92,,,,
oTb1Tw,1,oTb1Tw,,,,
j8Xd97,1,j8Xd97,,,,
gpKCrF,1,gpKCrF,,,,
DLsIxs,1,DLsIxs,,,,
BYnlRx,1,BYnlRx,,,,
bcNTB8,1,bcNTB8,,,,
ef2Hfx,1,ef2Hfx,,,,
u5EREh,1,u5EREh,,,,
qtngWz,1,qtngWz,,,,
YO8Lbb,1,YO8Lbb,,,,
b6Gig7,1,b6Gig7,,,,
72dw8l,1,72dw8l,,,,
MHeHl6,1,MHeHl6,,,,
f4MDFi,1,f4MDFi,,,,
Q4IEH1,1,Q4IEH1,,,,
oLrmR7,1,oLrmR7,,,,
oGHejr,1,oGHejr,,,,
qvDAhw,1,qvDAhw,,,,
LMAHU2,1,LMAHU2,,,,
GYAQan,1,GYAQan,,,,
oUj47i,1,oUj47i,,,,
VabYUE,1,VabYUE,,,,
rok9dt,1,rok9dt,,,,
HqR13N,1,HqR13N,,,,
z0PEBU,1,z0PEBU,,,,
HVRSZB,1,HVRSZB,,,,
cuG8FF,1,cuG8FF,,,,
QUhkAh,1,QUhkAh,,,,
JSXqjZ,1,JSXqjZ,,,,
FrzSLC,1,FrzSLC,,,,
Nzj8bo,1,Nzj8bo,,,,
ADJGXl,1,ADJGXl,,,,
0cWY1x,1,0cWY1x,,,,
TY517N,1,TY517N,,,,
IoBXiD,1,IoBXiD,,,,
rFfrmT,1,rFfrmT,,,,
4TGpji,1,4TGpji,,,,
VEvLto,1,VEvLto,,,,
5cv9OI,1,5cv9OI,,,,
XAj6Ox,1,XAj6Ox,,,,
HMFmJQ,1,HMFmJQ,,,,
RmYzb0,1,RmYzb0,,,,
oTwgW9,1,oTwgW9,,,,
ZGcVTJ,1,ZGcVTJ,,,,
fQDna3,1,fQDna3,,,,
OAksCf,1,OAksCf,,,,
ZSqrEZ,1,ZSqrEZ,,,,
SuZJmS,1,SuZJmS,,,,
PSChq6,1,PSChq6,,,,
gtU3lt,1,gtU3lt,,,,
hdRgta,1,hdRgta,,,,
cW7H7H,1,cW7H7H,,,,
E4Uaqa,1,E4Uaqa,,,,
oMRB8n,1,oMRB8n,,,,
TMWl5I,1,TMWl5I,,,,
FYGzqV,1,FYGzqV,,,,
pLDJvl,1,pLDJvl,,,,
EsFdDX,1,EsFdDX,,,,
p9siUQ,1,p9siUQ,,,,
vuy4JX,1,vuy4JX,,,,
33g98J,1,33g98J,,,,
eMKItb,1,eMKItb,,,,
lznu6W,1,lznu6W,,,,
nDZhcI,1,nDZhcI,,,,
Kwrbk6,1,Kwrbk6,,,,
hYie3d,1,hYie3d,,,,
CDYZVk,1,CDYZVk,,,,
ik4exA,1,ik4exA,,,,
nhRffw,1,nhRffw,,,,
NtJnhH,1,NtJnhH,,,,
iH6UEo,1,iH6UEo,,,,
aLcjIV,1,aLcjIV,,,,
GYA9nV,1,GYA9nV,,,,
1lFYSe,1,1lFYSe,,,,
UCmMwR,1,UCmMwR,,,,
THJJ8D,1,THJJ8D,,,,
XzgyRz,1,XzgyRz,,,,
p8QKvP,1,p8QKvP,,,,
X74rYo,1,X74rYo,,,,
W8Y2px,1,W8Y2px,,,,
T8BPvg,1,T8BPvg,,,,